{"CornerNumber": [1, 2, 3, 4, 5, 6, 7, 8, 9, 10, 11, 12, 13, 14, 15, 16, 17], "X": [3781.81005859375, 3022.856689453125, 1408.8516845703125, 606.34326171875, 373.9714660644531, 2913.037841796875, 3723.593505859375, 3312.9931640625, 3535.08642578125, -1211.2879638671875, -2607.49462890625, -4689.17822265625, -7525.62548828125, -7645.392578125, -7145.8369140625, -6660.0048828125, 837.0077514648438], "Y": [1577.1397705078125, 1971.9615478515625, 1204.9444580078125, 2040.28369140625, 10559.6064453125, 10944.3857421875, 12721.671875, 13017.1328125, 14199.03125, 14780.541015625, 16991.494140625, 17710.146484375, 10705.1474609375, -1030.9439697265625, -1305.7738037109375, -1639.4146728515625, -1526.464599609375], "Angle": [9.795538591920971, 103.78334152361211, -106.56212302793445, -168.51847408003212, 144.53018155479614, -59.42271244888282, 231.86084892543946, -162.718651359849, 37.76413095008628, 49.88141020779947, 44.758308983178864, 131.49571970573285, 170.29968572912696, -150.92660663222276, 72.87141108251528, -114.84690558811663, -74.71852292472812], "Distance": [277.75455914306644, 373.3828589172363, 561.2756489257813, 682.8533365783692, 1538.2220481262207, 1801.079736450196, 2020.2079007568366, 2073.0677649536146, 2199.9314390258805, 2688.1643665161164, 2951.983143280033, 3181.68328042603, 3942.865324859625, 5118.757031127939, 5178.825058624277, 5237.931997680674, 5989.503157714856]}