{"CornerNumber": [1, 2, 3, 4, 5, 6, 7, 8, 9, 10, 11, 12, 13, 14, 15, 16], "X": [4294.859375, 3848.351318359375, 2206.551025390625, 2378.65625, 1839.3582763671875, -2150.159423828125, -1583.4920654296875, -823.9918823242188, 5774.8056640625, 3125.7744140625, 1799.5865478515625, 1634.6038818359375, 2619.7744140625, 2523.817138671875, -79.35454559326172, -1076.555908203125], "Y": [2690.7177734375, 4987.57080078125, 6155.1201171875, 8052.80517578125, 11771.70703125, 655.3110961914062, 587.163330078125, -1256.985107421875, -4917.8369140625, -3602.140380859375, -2781.958251953125, -1529.775146484375, -1222.7818603515625, -131.88153076171875, -206.44224548339844, 1716.3370361328125], "Angle": [-35.34059995597422, 42.198163677223626, -163.16933202306825, -8.298533240027417, 84.3268470749317, -148.9880374353488, 46.32093034464459, -144.58842947351582, -21.95820525980746, 82.8907618378775, 34.85988973910911, 149.6450958742448, -41.8112415231557, 54.746030923061184, -112.58216166384628, -23.292456563401426], "Distance": [375.6527683690457, 631.6739136083016, 829.207841191881, 1031.8654281359861, 1415.3020499364893, 2613.17413065616, 2676.1363052034894, 2874.9115815746204, 3677.120862631558, 4035.0912432034747, 4187.577837999203, 4320.28864123349, 4429.2128596661005, 4551.510624696263, 4810.415519492898, 5042.688298044424]}