{"CornerNumber": [1, 2, 3, 4, 5, 6, 7, 8, 9, 10, 11, 12, 13, 14, 15, 16], "X": [-4102.06103515625, -1498.0576171875, -1169.0216064453125, 1700.86083984375, 2741.896728515625, 1329.40283203125, 4931.5595703125, 4091.14208984375, 3637.8564453125, 1632.4962158203125, 3995.45068359375, 7034.22900390625, 8044.39306640625, 6947.80908203125, 4053.34375, 1474.8946533203125], "Y": [5867.05322265625, 5023.38720703125, 7151.10546875, 10042.0947265625, 8983.0322265625, 6525.28759765625, 7220.83154296875, 5631.65576171875, 4513.4716796875, 3576.8994140625, 1980.9371337890625, 2124.40966796875, 485.46246337890625, -1163.4581298828125, -775.6227416992188, -4596.61767578125], "Angle": [-64.58557840889351, 125.69052737981303, -19.71812858827954, -98.58410801377623, -174.5257195157703, 68.36502672094214, -151.39251577200127, -29.172323438973425, 147.94255193426767, -18.224830106039786, -91.63734544672403, -113.3319080016265, 175.85083242802085, 110.81396046187567, -81.45270358793942, 101.85221257440253], "Distance": [792.6611249101722, 1080.6356636802238, 1305.6220155282108, 1717.3140279078154, 1872.959471703715, 2183.4277965729966, 2580.466888686106, 2769.806990664715, 2905.3258167032186, 3126.9348694491796, 3440.772403343339, 3739.524780775119, 3944.379677774724, 4159.018989408341, 4435.185135722888, 4923.214706691357]}