{"CornerNumber": [1, 2, 3, 4, 5, 6, 7, 8, 9, 10, 11, 12, 13, 14, 15, 16], "X": [-4102.06103515625, -1498.0576171875, -1169.0216064453125, 1700.86083984375, 2741.896728515625, 1329.40283203125, 4931.5595703125, 4091.14208984375, 3637.8564453125, 1632.4962158203125, 3995.45068359375, 7034.22900390625, 8044.39306640625, 6947.80908203125, 4053.34375, 1474.8946533203125], "Y": [5867.05322265625, 5023.38720703125, 7151.10546875, 10042.0947265625, 8983.0322265625, 6525.28759765625, 7220.83154296875, 5631.65576171875, 4513.4716796875, 3576.8994140625, 1980.9371337890625, 2124.40966796875, 485.46246337890625, -1163.4581298828125, -775.6227416992188, -4596.61767578125], "Angle": [-64.58557840889351, 125.69052737981303, -19.71812858827954, -98.58410801377623, -174.5257195157703, 68.36502672094214, -151.39251577200127, -29.172323438973425, 147.94255193426767, -18.224830106039786, -91.63734544672403, -113.3319080016265, 175.85083242802085, 110.81396046187567, -81.45270358793942, 101.85221257440253], "Distance": [797.4102516174316, 1088.180955505371, 1310.7825508117676, 1730.3171264648438, 1886.853598022461, 2199.0849472045898, 2595.0548927307127, 2786.517512512207, 2907.7070388793945, 3139.566167449951, 3451.376719665527, 3758.1377082824706, 3958.857861328125, 4163.785984039307, 4458.343860626221, 4933.002838897705]}