{"CornerNumber": [1, 2, 3, 4, 5, 6, 7, 8, 9, 10, 11, 12, 13, 14], "X": [-3650.594482421875, -3555.05322265625, -7194.97021484375, -5878.734375, -5870.66259765625, -2280.641357421875, -1296.3824462890625, 502.41253662109375, 2838.84375, 3973.896484375, 7489.130859375, 5020.2177734375, 3587.2265625, 2300.2841796875], "Y": [1193.7841796875, 1992.750244140625, 7101.9423828125, 7709.86474609375, 9676.8056640625, 11861.5595703125, 11398.0087890625, 10576.3115234375, 798.9598388671875, 855.0198974609375, -4851.34521484375, -5538.8876953125, -3634.0, -4454.0234375], "Angle": [-176.6327301808908, -1.517006670514226, 162.2583145895855, -23.426262936440693, 159.21595924901473, 96.73626629832673, -104.06590313985107, 39.145641733921856, -101.19733361565356, 73.47677062265704, -15.779635368175516, -106.08289509535402, 89.83929687485767, -97.4032457365232], "Distance": [343.0476031874158, 427.9410930984215, 1077.0616552231013, 1218.688810613338, 1423.3489177353952, 1864.4898308152242, 1961.9338290538103, 2154.97984955166, 3280.8896079012925, 3381.048049930002, 4087.371720625502, 4356.44692666403, 4603.1627662990295, 4759.195848136345]}