{"CornerNumber": [1, 2, 3, 4, 5, 6, 7, 8, 9, 10], "X": [-3063.95654296875, -6314.69482421875, -8209.9208984375, -266.37420654296875, -1473.040283203125, -4632.14404296875, -3272.00830078125, -1618.7939453125, 3669.864501953125, 4201.1748046875], "Y": [-2208.505859375, 3218.050048828125, 5460.17724609375, 4694.2724609375, 3462.345947265625, 3322.6875, 853.0664672851562, 1948.8214111328125, 1852.27734375, 85.38370513916016], "Angle": [-115.77962454723948, 32.816311235060375, 147.53856789297933, 16.276140875442245, -75.64882051123584, -39.52498788143804, 96.4938007769575, 108.03501663007374, 51.29113873108554, -9.155093979430859], "Distance": [433.1810666529249, 1075.0319877070183, 1368.7958717859533, 2180.2397064731117, 2368.1343776881727, 2696.7724687481405, 3015.590693305889, 3219.6904930365963, 3757.485138823973, 3947.2692593665606], "Rotation": 1.0}