{"tel": {"time": [0.0, 0.057, 0.163, 0.297, 0.484, 0.644, 0.678, 0.978, 1.044, 1.244, 1.398, 1.404, 1.558, 1.604, 1.924, 1.938, 2.124, 2.278, 2.404, 2.498, 2.658, 2.684, 2.917, 2.964, 3.164, 3.337, 3.524, 3.617, 3.837, 3.884, 4.057, 4.164, 4.317, 4.404, 4.577, 4.643, 4.923, 5.018, 5.243, 5.338, 5.563, 5.578, 5.757, 5.803, 6.017, 6.198, 6.203, 6.403, 6.438, 6.698, 6.843, 6.897, 6.958, 7.204, 7.238, 7.444, 7.677, 7.724, 7.838, 7.964, 8.058, 8.164, 8.237, 8.484, 8.517, 8.684, 8.818, 8.884, 9.118, 9.204, 9.338, 9.444, 9.684, 9.717, 9.817, 9.884, 10.037, 10.124, 10.317, 10.404, 10.517, 10.564, 10.758, 10.804, 10.964, 11.097, 11.244, 11.403, 11.437, 11.657, 11.878, 11.883, 11.997, 12.043, 12.217, 12.243], "rpm": [11600.397232355555, 11603.40556231111, 11609.0, 11116.831207442981, 10430.0, 10473.0, 10482.01003392, 10561.51003392, 10579.0, 10634.0, 10698.4875536, 10701.0, 10744.89003648, 10758.0, 10722.0, 10726.27003904, 10783.0, 10806.1000192, 10825.0, 10824.328570514286, 10823.18571337143, 10823.0, 10829.657148342858, 10831.0, 10104.0, 10051.619386311111, 9995.0, 10075.858500266666, 10267.136278044445, 10308.0, 9776.0244096, 9447.0, 9179.249664, 9027.0, 9147.159096995054, 9193.0, 8501.0, 8280.7186016, 7759.0, 7519.7185888, 6953.0, 6912.1873258666665, 6425.157985066667, 6300.0, 6168.38992128, 6057.07496064, 6054.0, 6044.0, 6068.659136, 6251.840954181818, 6354.0, 6402.166327697078, 6456.576252556455, 6676.0, 6734.9335552, 7092.0, 7582.964690285714, 7682.0, 8040.150402133333, 8436.0, 8863.230581759999, 9345.0, 9048.43672, 8045.0, 8102.42033408, 8393.0, 8529.01012992, 8596.0, 8706.4188104, 8747.0, 8871.508452266668, 8970.0, 9229.0, 9268.76523136, 9389.26523136, 9470.0, 9796.4004096, 9982.0, 10506.5469504, 10743.0, 10799.500096, 10823.0, 10617.683197866667, 10569.0, 10569.0, 9970.499136, 9309.0, 8189.0, 7950.999104, 6410.999104, 4863.999552, 4829.0, 4540.437176, 4424.0, 4313.50991872, 4297.0], "speed": [285.7361137777778, 286.5277795555556, 288.0, 289.2523378945471, 291.0, 291.0, 291.4250016, 295.1750016, 296.0, 297.0, 298.9250016, 299.0, 299.77000064, 300.0, 303.0, 303.0, 303.0, 303.0, 303.0, 303.0, 303.0, 303.0, 303.0, 303.0, 287.0, 263.45275164444445, 238.0, 227.40831146666667, 202.3527559111111, 197.0, 179.08212297142856, 168.0, 157.1624864, 151.0, 139.41840028963338, 135.0, 124.0, 118.6562464, 106.0, 103.031248, 96.0, 95.56249813333334, 90.34166293333334, 89.0, 86.3249984, 84.0624992, 84.0, 84.0, 83.9204544, 83.3295453090909, 83.0, 83.89750921174678, 84.91135874328798, 89.0, 89.5666688, 93.0, 98.8250048, 100.0, 103.32500373333333, 107.0, 107.0, 107.0, 111.7906376, 128.0, 128.66000384, 132.0, 133.34000128, 134.0, 136.1937512, 137.0, 138.11666773333334, 139.0, 139.0, 139.8250048, 142.3250048, 144.0, 149.1000064, 152.0, 162.339296, 167.0, 173.3562608, 176.0, 177.61666773333334, 178.0, 170.0, 170.0, 170.0, 91.0, 85.333312, 48.66664533333333, 11.83332266666666, 11.0, 11.0, 11.0, 1.4299929599999999, 0.0], "gear": [7, 7, 7, 7, 8, 8, 8, 8, 8, 8, 8, 8, 8, 8, 8, 8, 8, 8, 8, 8, 8, 8, 8, 8, 8, 8, 7, 7, 7, 6, 6, 5, 5, 5, 5, 5, 3, 3, 3, 3, 3, 3, 3, 3, 3, 3, 3, 3, 3, 3, 3, 3, 3, 3, 3, 3, 3, 3, 3, 3, 3, 3, 3, 4, 4, 4, 4, 4, 4, 4, 4, 4, 4, 4, 4, 4, 4, 4, 4, 4, 4, 4, 4, 4, 5, 5, 5, 5, 5, 5, 5, 5, 5, 5, 5, 5], "throttle": [100.0, 100.0, 100.0, 100.0, 100.0, 100.0, 100.0, 100.0, 100.0, 100.0, 100.0, 100.0, 100.0, 100.0, 100.0, 100.0, 100.0, 100.0, 100.0, 100.0, 100.0, 100.0, 75.86783725714285, 71.0, 0.0, 0.0, 0.0, 0.0, 0.0, 0.0, 0.0, 0.0, 0.0, 0.0, 0.0, 0.0, 0.0, 0.0, 0.0, 0.0, 0.0, 0.0, 0.0, 0.0, 0.0, 0.0, 0.0, 0.0, 1.590912, 13.40909381818182, 20.0, 21.346263817620176, 22.867038114931965, 29.0, 30.7000064, 41.0, 50.15357897142857, 52.0, 59.125008, 67.0, 70.29000448, 74.0, 70.3499904, 58.0, 56.3499904, 48.0, 41.96999424, 39.0, 36.8062488, 36.0, 41.0250048, 45.0, 57.0, 58.15500672, 61.65500672, 64.0, 72.9250112, 78.0, 87.6500096, 92.0, 92.0, 92.0, 79.06665813333333, 76.0, 76.0, 39.89994788571428, 0.0, 0.0, 0.0, 0.0, 0.0, 0.0, 0.0, 0.0, 0.0, 0.0], "brake": [0, 0, 0, 0, 0, 0, 0, 0, 0, 0, 0, 0, 0, 0, 0, 0, 0, 0, 0, 0, 0, 0, 0, 0, 0, 0, 1, 1, 1, 1, 1, 1, 1, 1, 1, 1, 1, 1, 1, 1, 1, 1, 1, 1, 1, 1, 1, 0, 0, 0, 0, 0, 0, 0, 0, 0, 0, 0, 0, 0, 0, 0, 0, 0, 0, 0, 0, 0, 0, 0, 0, 0, 0, 0, 0, 0, 0, 0, 0, 0, 0, 0, 0, 0, 1, 1, 1, 1, 1, 1, 1, 1, 1, 1, 1, 1], "drs": [0, 0, 0, 0, 0, 0, 0, 0, 0, 0, 0, 0, 0, 0, 0, 0, 0, 0, 0, 0, 0, 0, 0, 0, 0, 0, 0, 0, 0, 0, 0, 0, 0, 0, 0, 0, 0, 0, 0, 0, 0, 0, 0, 0, 0, 0, 0, 0, 0, 0, 0, 0, 0, 0, 0, 0, 0, 0, 0, 0, 0, 0, 0, 0, 0, 0, 0, 0, 0, 0, 0, 0, 0, 0, 0, 0, 0, 0, 0, 0, 0, 0, 0, 0, 0, 0, 0, 0, 0, 0, 0, 0, 0, 0, 0, 0], "distance": [0.22615481708638274, 4.793704181284427, 13.313611111111111, 24.131762862095517, 39.261111111111106, 52.19444444444444, 54.959967051599904, 79.63973535092843, 85.08333333333333, 101.58333333333333, 114.37318471737913, 114.8722222222222, 127.69435775429446, 131.5388888888889, 158.47222222222223, 159.6513691161279, 175.30555555555557, 188.26904662251854, 198.87222222222223, 206.77699083530337, 220.24390240621662, 222.43888888888893, 242.11148800372158, 246.0055555555556, 261.95000000000005, 274.0839079341446, 285.75000000000006, 291.1813286301522, 303.07360644859904, 305.45000000000005, 313.7106194594318, 318.5166666666667, 325.05996403367465, 328.58333333333337, 335.1450287217531, 337.54583333333335, 347.1902777777778, 350.14921833345124, 356.6125, 359.22210077433783, 365.1458333333333, 365.5278664343921, 369.9678323330547, 371.07916666666665, 376.10550418958877, 380.29606947648057, 380.41249999999997, 385.0791666666666, 385.88870236632766, 391.8260166768581, 395.22361111111104, 396.51905776911417, 398.0020978773084, 404.14833333333326, 405.0118199697483, 410.34833333333324, 416.7710788734585, 418.126111111111, 421.50048712982436, 425.25944444444434, 427.9975003108196, 431.20388888888874, 433.613883660492, 442.58166666666654, 443.79101752947975, 449.91499999999985, 454.88790703433034, 457.3594444444443, 466.23803512856466, 469.5372222222221, 474.7102827932378, 478.80388888888876, 488.07055555555536, 489.36892407530854, 493.3530613607973, 496.0705555555554, 502.43375591310695, 506.20388888888874, 515.045445295045, 519.1927777777776, 524.6964937910224, 527.0149999999998, 536.6603150513921, 538.8816666666664, 546.437222222222, 553.1657102738512, 559.6594444444441, 563.6786111111109, 564.2213361922195, 565.2822584096891, 565.1349082484317, 565.1452777777776, 565.5167616294108, 565.6341666666665, 565.6473077862154, 565.6341666666665],