{"CornerNumber": [1, 2, 3, 4, 5, 6, 7, 8, 9, 10, 11, 12, 13, 14, 15, 16, 17, 18, 19, 20], "X": [3689.0374001567743, 2384.0669137610676, -5565.825567829175, -4862.6651767420935, -7728.697050002749, -7617.318818496836, -10710.063798831094, -11409.887894367614, -11606.2553499057, -11886.309274295963, -12352.278964478111, -12573.09027225614, -16186.999703336216, -16888.82437537549, -16846.43031172375, -13660.610623947281, -12714.251049135808, -11029.53380137574, -10524.590291121332, -8077.3100390339205], "Y": [631.3189725875945, 3686.0714516243042, 374.2425523226766, -1723.1620080668729, -3377.074091094411, -3926.026038238873, -6235.337256785684, -4438.977047761271, -4286.033173998214, -4199.07140004945, -4129.880226960703, -3645.1900160358095, -5197.330621083427, -7335.751780162162, -9555.895632026248, -11108.575388918323, -9481.44133662404, -7796.23853385484, -6346.5942106800085, -4403.674074673621], "Angle": [-24.903645119677286, 77.31677056705472, 145.17933231096453, -26.596082318859345, -199.97457302181692, -202.2750973368365, 68.56357028741353, 25.432318001574835, 66.83944441448027, 81.38530281497013, -114.90392566439111, 50.828198968469465, 138.08555118825365, -183.8775543415825, -154.64793221960304, -59.75879758332747, -36.31538752111932, -37.21067888992388, -31.487940217715586, -53.634965928817174], "Distance": [296.4294147826528, 637.4685376659975, 1502.8784069895746, 1720.3934664443923, 2059.8037896400983, 2119.5158368028565, 2499.213146687258, 2684.7804123769392, 2717.201704166635, 2750.9988679182006, 2791.492163448579, 2853.1301027809545, 3253.678793911321, 3464.199451831145, 3696.6744297325054, 4060.21224205422, 4240.73145252183, 4486.246934975332, 4638.290685322345, 4950.009490571844]}