{"CornerNumber": [1, 2, 3, 4, 5, 6, 7, 8, 9, 10, 11, 12, 13, 14, 15, 16, 17, 18, 19], "X": [431.13265185736964, -195.2140342729199, -779.7542602987305, -1000.248495084903, -704.2751363886564, -4914.428676444357, -8210.484031585085, -9608.455015003696, -11035.325462710984, -13197.999977462843, -12225.258327405409, -11972.752928264084, -10795.164153894957, -9087.216472295006, -7370.032739596296, -2544.27408282517, -2205.492524818259, 386.8427724646517, 1136.5661843074995], "Y": [3476.576339145755, 3722.2068354357343, 4085.8999696922547, 2762.5658073638174, 290.4987435530211, 446.07877429337077, 2141.91893694609, 545.2344521818222, 1643.4830602634265, -1883.9884365433581, -3008.9788169688827, -3759.2471044775466, -4903.60650770113, 75.60817055162295, -1290.3335741899066, -1747.779915053758, -2401.4104525295033, -2657.5894968940347, -1839.636021516253], "Angle": [40.09899112559812, -116.33812114496007, 108.31812608238168, -159.82584190332562, -56.17507239255018, -99.40534019082725, 84.28802927725171, -137.55488367522997, -77.17835340212868, -182.9285608765443, 21.97298112607431, -133.1642603505898, -96.04299005964127, 273.56261626114366, 247.80392755981828, 41.59452534061187, 48.421856283785445, 99.54974113843991, -14.64865962944613], "Distance": [392.28443132409404, 453.21906810300567, 524.9980223597083, 686.9914176944453, 947.7406521797446, 1377.1934333115405, 1747.6064810441835, 1981.8163012892069, 2171.4896781350103, 2590.6890205841632, 2747.810964493074, 2833.758562573557, 3001.7176827769836, 3569.914469493856, 3797.5006544359753, 4282.345581022235, 4356.865027208321, 4619.016331338427, 4728.245427923277]}