{"CornerNumber": [1, 2, 3, 4, 5, 6, 7, 8, 9, 10, 11, 12, 13, 14], "X": [2045.2357177734375, 1769.6058349609375, 733.6047973632812, 2716.9189453125, 4555.51513671875, 6001.01171875, 8671.6748046875, 7340.24365234375, 5498.07763671875, 7457.498046875, 2016.62158203125, 1264.3878173828125, 1540.923828125, -881.4706420898438], "Y": [6685.8916015625, 3831.817626953125, 2809.591552734375, 3031.772216796875, 2861.585693359375, 3518.558349609375, 2879.995361328125, 117.99333190917969, 848.86279296875, 2120.50927734375, 1550.578857421875, 1672.33203125, -1313.8089599609375, -828.2156372070312], "Angle": [66.66521149736246, -18.440573067287406, 29.283872373939637, -86.77139363570106, 95.34956286211948, -70.12544359743099, -165.84312436013732, 108.73626160403413, -1.4836214508567382, -167.37565645128126, 79.03280221304747, -38.19603534570552, 150.03500571783175, 30.844208408407265], "Distance": [342.23532221642, 648.646731036256, 816.0009836589538, 1048.503580943467, 1238.4004510006953, 1389.5328688144848, 1683.546548882462, 2017.6746581643265, 2223.239385687752, 2490.9574472854943, 3074.061366172793, 3156.6186555504682, 3453.084401008031, 3748.5981342694095]}