{"CornerNumber": [1, 2, 3, 4, 5, 6, 7, 8, 9, 10, 11, 12, 13, 14, 15, 16, 17, 18], "X": [5954.5959774740895, 5411.746104880109, 3770.348047981657, 2554.6165880721856, 1863.1226597549849, 343.85712481205337, -615.7460759855876, -3936.654450370991, -5453.049411891635, -6229.209841459328, -5964.645827643905, -7552.525447521042, -12335.806432804478, -13731.830146348011, -4974.205292741207, -1819.3270665623027, -1184.012752766967, 332.7065004009637], "Y": [-6043.797284217995, -6985.870032582339, -5370.929540536406, -4969.478669439493, -3634.6854876662646, -3137.3369407498194, -519.8197239235956, -2323.145349123679, -2538.2158787028984, 449.90897792871783, 1876.7427270592411, 119.00061323765294, 3018.43343123628, 2733.4255815621927, -1679.8087305899478, 517.5898076307235, 429.7002676291654, 616.534453144171], "Angle": [-359.8591867320418, -81.20528371107957, -131.30409040377555, -304.3435640806432, -131.39838896954797, -311.87967969172064, -106.45904451685772, -57.88888817950351, -110.43184351822356, -1.787031420163089, -126.42301288127982, -237.2773642687454, -125.951757458712, -201.69464756438072, -254.71239024835026, -293.9250164332062, -50.27039270732172, -291.6062103228687], "Distance": [675.3151753468626, 810.3950944378038, 1090.3077915796225, 1229.0415467157825, 1369.5002742095535, 1541.0489485404287, 1848.4145336974948, 2216.1608585063545, 2435.72241415599, 2755.1173501596745, 2882.735247061786, 3125.042053887038, 3769.422885694643, 3898.6647318286173, 4952.705306138783, 5346.391110354392, 5435.226332085309, 5567.114357865388], "Rotation": 49.0}