{"CornerNumber": [1, 2, 3, 4, 5, 6, 7, 8, 9, 10, 11, 12, 13, 14, 15, 16, 17], "X": [3781.81005859375, 3022.856689453125, 1408.8516845703125, 606.34326171875, 373.9714660644531, 2913.037841796875, 3723.593505859375, 3312.9931640625, 3535.08642578125, -1211.2879638671875, -2607.49462890625, -4689.17822265625, -7525.62548828125, -7645.392578125, -7145.8369140625, -6660.0048828125, 837.0077514648438], "Y": [1577.1397705078125, 1971.9615478515625, 1204.9444580078125, 2040.28369140625, 10559.6064453125, 10944.3857421875, 12721.671875, 13017.1328125, 14199.03125, 14780.541015625, 16991.494140625, 17710.146484375, 10705.1474609375, -1030.9439697265625, -1305.7738037109375, -1639.4146728515625, -1526.464599609375], "Angle": [9.795538591920971, 103.78334152361211, -106.56212302793445, -168.51847408003212, 144.53018155479614, -59.42271244888282, 231.86084892543946, -162.718651359849, 37.76413095008628, 49.88141020779947, 44.758308983178864, 131.49571970573285, 170.29968572912696, -150.92660663222276, 72.87141108251528, -114.84690558811663, -74.71852292472812], "Distance": [278.92916513813765, 378.7945763836836, 566.7426642355692, 688.5971929934608, 1538.4591356323642, 1799.1710109129776, 2024.823027898035, 2079.8970273685304, 2203.947764442766, 2680.886747634906, 2962.4277818471114, 3186.60100539993, 3944.813883310236, 5154.883725784077, 5211.668766923382, 5278.36570582868, 5999.761355008429]}