{"CornerNumber": [1, 2, 3, 4, 5, 6, 7, 8, 9, 10, 11, 12, 13, 14], "X": [-3650.594482421875, -3555.05322265625, -7194.97021484375, -5878.734375, -5870.66259765625, -2280.641357421875, -1296.3824462890625, 502.41253662109375, 2838.84375, 3973.896484375, 7489.130859375, 5020.2177734375, 3587.2265625, 2300.2841796875], "Y": [1193.7841796875, 1992.750244140625, 7101.9423828125, 7709.86474609375, 9676.8056640625, 11861.5595703125, 11398.0087890625, 10576.3115234375, 798.9598388671875, 855.0198974609375, -4851.34521484375, -5538.8876953125, -3634.0, -4454.0234375], "Angle": [-176.6327301808908, -1.517006670514226, 162.2583145895855, -23.426262936440693, 159.21595924901473, 96.73626629832673, -104.06590313985107, 39.145641733921856, -101.19733361565356, 73.47677062265704, -15.779635368175516, -106.08289509535402, 89.83929687485767, -97.4032457365232], "Distance": [338.51667800360667, 425.15538991893953, 1070.3045782246897, 1229.6716490214578, 1425.6653488054542, 1858.6143493598547, 1944.012391253183, 2148.8539585913168, 3259.939588053563, 3381.7292126319658, 4079.357670415786, 4343.449007247581, 4581.520487671684, 4744.844796179738], "Rotation": 44.0}