{"CornerNumber": [1, 2, 3, 4, 5, 6, 7, 8, 9, 10, 11, 12, 13, 14], "X": [-3102.4705973153305, -3874.7583230391156, -6195.325832683519, -4426.529400725318, -4542.259294075855, -2919.047113239949, -2085.696726119249, -2706.3344852401556, -3399.618785137742, 1428.3820141701494, 142.23921186556618, -842.6948558408556, 538.1157727828859, 2881.013214318282], "Y": [-6966.730800740276, -6783.703176678725, -7289.139507704795, -2915.92815508894, -6165.090488463807, -5303.979987824779, -3887.2126692798247, -3238.04087867866, -746.8769695595092, 2292.7810928036356, 2415.562978813626, 2193.1318681426874, 4122.028999634798, 2459.7294748811983], "Angle": [-68.8993899041057, -280.50076395537997, -119.44019417308891, -299.8502116752963, -244.87246530888558, -49.40879337476423, -345.91597826102355, -144.8408914632198, -201.63831408978086, -342.50296791471146, -55.51605895562858, -127.85336281470802, -255.98300625823205, -353.6644628431238], "Distance": [806.4641287180305, 889.7479788148448, 1149.462906619486, 1710.5338781617156, 2154.209767128196, 2355.707285727378, 2517.757146960456, 2613.60416255861, 2877.5903968442894, 3469.6970260154512, 3621.8341493587554, 3735.408206026643, 4015.6951638797427, 4318.030785758447], "Rotation": 303.0}