{"CornerNumber": [1, 2, 3, 4, 5, 6, 7, 8, 9, 10, 11, 12, 13, 14, 15, 16, 17, 18], "X": [6045.8194879946805, 5449.313781341823, 3858.6019661688397, 2504.3939347955493, 1936.8767402088579, 322.5295929138356, -609.3335171653484, -3863.6182473492945, -5441.4229928375935, -6159.973406518737, -5880.570255368542, -7537.1911548545095, -12191.272030431835, -13672.200692317143, -4940.682659764005, -1848.3555035285224, -1390.6108201208317, 358.6141693110658], "Y": [-6283.4911307646325, -7325.65579009338, -5655.760175448682, -5170.41048332579, -3891.8444247296457, -3353.3457139121856, -757.036992571153, -2682.4262950455272, -2850.1328632590235, 83.27579395014482, 1633.2612531359882, -247.0956165533321, 2706.535522228907, 2412.5381214497556, -2004.2672744686195, 271.93388684760157, -10.204187628507043, 346.781710878844], "Angle": [-1.8358823957200912, -79.31523200921436, -134.18169840912827, -136.19889869978, -129.33676515925333, -320.3314489589094, -106.78094986741712, -50.7107545301277, -118.1405827530333, -353.25986324819416, -301.6859049873071, -243.6161902236659, -310.92255267836714, -206.72391524475574, -254.68390185853985, -270.34777738016834, -274.8095207041747, -294.3204270287074], "Distance": [720.238059082031, 849.499927368164, 1092.6029498291011, 1242.2745867919916, 1384.2358666992181, 1560.6669781494136, 1885.8626257324217, 2294.9651000976573, 2454.614846191408, 2759.4007250976583, 2926.760828247073, 3188.4594177246126, 3810.730587158208, 3975.369387817388, 5007.650132446297, 5395.889287719734, 5451.2224383545, 5643.5278143310625]}