{"CornerNumber": [1, 2, 3, 4, 5, 6, 7, 8, 9, 10, 11, 12, 13, 14, 15], "X": [-2393.436279296875, -1548.525146484375, 225.64907836914062, 2323.666015625, 821.3036499023438, -2024.5311279296875, -3261.28466796875, -3523.720703125, -2383.04833984375, -3075.818115234375, -1368.5802001953125, 140.72178649902344, -871.7373657226562, -3189.6416015625, -4130.12744140625], "Y": [-8518.955078125, -8083.34912109375, -8132.4267578125, -1064.5079345703125, -714.7282104492188, -3964.448486328125, -3714.666015625, -2188.38525390625, -2240.02099609375, 258.4669189453125, -706.1390991210938, 1484.997314453125, 1881.447021484375, 938.1722412109375, -2877.100830078125], "Angle": [-87.79175741763308, -94.1689759560868, -58.64512614629921, 30.204598325065245, 101.23021811722906, -63.591039489545885, 38.70287788765292, 148.83843695055168, -54.666533570246095, 118.47024660701335, 93.56740821839766, -146.1850849034437, 86.7865108166282, 142.05075362970024, 1.0861553243590512], "Distance": [361.3240842878123, 452.6029686242667, 629.9230723521181, 1390.9859023801623, 1536.0363366344955, 1978.5699017846975, 2126.6011331356876, 2274.2085202688927, 2402.8157847971365, 2687.9061457912912, 2902.9992481753056, 3197.4029237959494, 3315.6742884666887, 3559.0205507681494, 3947.363563898165], "Rotation": 258.0}