{"CornerNumber": [1, 2, 3, 4, 5, 6, 7, 8, 9, 10, 11, 12, 13, 14, 15, 16, 17, 18, 19], "X": [431.13265185736964, -195.2140342729199, -779.7542602987305, -1000.248495084903, -704.2751363886564, -4914.428676444357, -8210.484031585085, -9608.455015003696, -11035.325462710984, -13197.999977462843, -12225.258327405409, -11972.752928264084, -10795.164153894957, -9087.216472295006, -7370.032739596296, -2544.27408282517, -2205.492524818259, 386.8427724646517, 1136.5661843074995], "Y": [3476.576339145755, 3722.2068354357343, 4085.8999696922547, 2762.5658073638174, 290.4987435530211, 446.07877429337077, 2141.91893694609, 545.2344521818222, 1643.4830602634265, -1883.9884365433581, -3008.9788169688827, -3759.2471044775466, -4903.60650770113, 75.60817055162295, -1290.3335741899066, -1747.779915053758, -2401.4104525295033, -2657.5894968940347, -1839.636021516253], "Angle": [40.09899112559812, -116.33812114496007, 108.31812608238168, -159.82584190332562, -56.17507239255018, -99.40534019082725, 84.28802927725171, -137.55488367522997, -77.17835340212868, -182.9285608765443, 21.97298112607431, -133.1642603505898, -96.04299005964127, 273.56261626114366, 247.80392755981828, 41.59452534061187, 48.421856283785445, 99.54974113843991, -14.64865962944613], "Distance": [382.3043520278321, 456.2692880276859, 527.2513284455663, 683.4064282671026, 948.9377138396313, 1385.0191281879409, 1740.3890426176663, 1972.843883824482, 2168.5273326125825, 2589.3710512167277, 2744.4523229815, 2837.9389548184804, 3006.1685298304064, 3563.437204572678, 3796.609599572529, 4271.265359364974, 4349.850869103203, 4605.008950415416, 4742.8799651130585], "Rotation": 335.0}