{"CornerNumber": [1, 2, 3, 4, 5, 6, 7, 8, 9, 10, 11, 12, 13, 14, 15, 16, 17, 18, 19], "X": [-7381.10693359375, -3634.549072265625, -2275.6494140625, -2745.11328125, -1422.224853515625, -797.2467651367188, -1016.8847045898438, -271.22930908203125, -1126.0921630859375, -4159.9892578125, -4579.203125, -6814.4267578125, -7167.99951171875, -6992.05419921875, -6752.3818359375, -6875.2265625, -6723.556640625, -5928.0, -6718.7294921875], "Y": [-4719.94921875, -3769.346435546875, -3071.90087890625, -1956.1094970703125, -197.89369201660156, -1127.089111328125, -477.5965576171875, -251.0789794921875, -3321.8916015625, -4441.59521484375, -4621.61669921875, -4914.705078125, -6327.60107421875, -6563.8642578125, -7870.388671875, -8042.5830078125, -8744.119140625, -9572.421875, -9704.8701171875], "Angle": [140.3846313043515, 103.01511724015117, 168.94984234500842, -174.39625672702851, 76.19105663205922, -85.86275308686861, -14.461416055118015, 44.79949514192601, 125.0997533777758, 144.84561051048868, -103.72939595631462, -54.9625873658003, -155.76249696113177, 21.944069983276485, -10.762562523217996, 153.79114079774385, 27.71185341167223, -7.508149364344431, -137.085449208191], "Distance": [185.50883185899386, 581.1707168915659, 748.8307296443888, 866.7405311445267, 1094.357643690073, 1213.348198562278, 1298.2047383235108, 1384.2794917874646, 1713.4688195407903, 2037.509371294902, 2092.16397081699, 2329.1161760178397, 2479.5987502595076, 2517.8364930127673, 2649.330111482239, 2666.484841892722, 2736.125357063618, 2863.094819000451, 2948.8052731805496]}