{"CornerNumber": [1, 2, 3, 4, 5, 6, 7, 8, 9, 10, 11, 12, 13, 14, 15, 16, 17, 18, 19], "X": [5000.369793483242, 4462.642212325851, 4309.500670688195, -676.0693652512309, -1907.3326955178982, -3137.5593907383045, -4269.134881984064, -4102.85861495594, 1099.937315405985, 3806.3527998616332, 9665.021110379748, 9121.664811212708, 10178.349780215427, 10550.674337648416, 10423.83331142524, 10488.330955116391, -2590.1974394339068, -1584.2044787404711, 428.83100056233343], "Y": [-1839.8522404781493, -2689.7583956578064, -3575.67295168473, -2600.6091257160274, -3176.9562439254723, -2430.703374495633, -3061.383489615324, -3929.779531894037, -4144.409317682837, -4793.668301112775, -2550.919180644675, -1632.476629886879, -1114.2869760280732, -506.2839966977317, -365.12324260597416, 520.3380238835039, 924.3686299701099, 167.169604298188, 623.5196314303143], "Angle": [13.105267748793366, -204.28272131554675, -26.05420127632257, 98.59121328981095, -88.84133007407493, 76.7596891131636, -206.14602841635806, -103.47547732876453, -103.85433294911317, -89.35439995404974, -14.93577695515648, -190.68247210100918, -65.47564941450844, 12.80443445178615, -150.4254968779324, 26.564442806433156, -197.70238483941122, -93.53368255106844, -94.33128150175669], "Distance": [367.99185876872133, 472.83002845191754, 570.0872446398906, 1106.110578629502, 1267.9990992932862, 1395.2345559552573, 1546.4977815488028, 1643.6051476560804, 2163.122615562983, 2442.8309061195096, 3079.2854459719315, 3187.979576036151, 3321.397300185947, 3392.5579834361265, 3414.396559300339, 3511.30793048138, 4823.703411969591, 4972.910187822239, 5185.650754526894]}