{"CornerNumber": [1, 2, 3, 4, 5, 6, 7, 8, 9, 10, 11, 12, 13, 14, 15, 16], "X": [-5247.443359375, -5133.3388671875, -4563.62158203125, -4096.869140625, -6014.22705078125, -6594.7578125, -3495.4052734375, -1413.2674560546875, -166.50686645507812, 600.0055541992188, -1811.59228515625, -2493.604248046875, -2345.06982421875, 5434.50634765625, 4727.81494140625, 2978.087890625], "Y": [-2414.479736328125, -986.1815795898438, -2055.360595703125, -1006.836669921875, 1311.9625244140625, 3667.179443359375, 611.8964233398438, 2477.544677734375, 1202.739990234375, 1968.2391357421875, 6056.27783203125, 5631.4306640625, 7168.982421875, -3601.620361328125, -3281.814697265625, -910.5693969726562], "Angle": [-122.95430080435021, -83.20236298780449, 73.79008590491989, 21.782231789704493, -150.57583559261988, 103.61731226810306, 94.16150313928429, -90.46179179521728, 72.10546856627235, -5.989765250345784, 75.79399678987842, -94.04726013490912, 104.39145809042388, -55.87044799728123, -131.7243656201638, 80.47928853000195], "Distance": [562.4744578909738, 732.5040281931906, 879.2083586411344, 1016.0936597366115, 1333.7338810106921, 1567.7495975442662, 2037.547520749005, 2314.038913187866, 2503.8981142941666, 2616.4593456232797, 3089.5895124344147, 3168.141693128387, 3383.2700726405988, 4749.051865769304, 4832.3747479379845, 5121.978808437837], "Rotation": 237.0}