{"tel": {"time": [0.0, 0.15, 0.16, 0.271, 0.32, 0.531, 0.56, 0.88, 0.99, 1.08, 1.331, 1.4, 1.6, 1.631, 1.8, 1.931, 2.191, 2.239, 2.391, 2.599, 2.611, 2.871, 2.879, 3.069], "rpm": [11242, 11187, 11077, 11102, 11128, 11309, 11491, 11839, 11728, 11618, 11267, 10917, 10999, 11049, 11099, 11190, 11281, 11372, 11519, 11667, 11353, 11039, 10726, 10709], "speed": [205, 207, 210, 212, 215, 217, 220, 227, 229, 231, 234, 238, 242, 243, 244, 247, 250, 254, 256, 258, 259, 260, 261, 262], "gear": [4, 4, 5, 5, 5, 5, 5, 5, 5, 5, 5, 6, 6, 6, 6, 6, 6, 6, 6, 6, 6, 6, 6, 6], "throttle": [100, 100, 100, 100, 100, 100, 100, 100, 100, 100, 100, 100, 100, 100, 100, 100, 100, 100, 100, 100, 100, 100, 100, 100], "brake": [0, 0, 0, 0, 0, 0, 0, 0, 0, 0, 0, 0, 0, 0, 0, 0, 0, 0, 0, 0, 0, 0, 0, 0], "drs": [0, 0, 0, 0, 0, 0, 0, 0, 0, 0, 0, 0, 0, 0, 0, 0, 0, 0, 0, 0, 0, 0, 0, 0], "distance": [0.3295052362979276, 9.143680176065732, 9.73583333333333, 16.347319651597527, 19.291388888888886, 32.16292965875739, 33.95805555555555, 54.13583333333332, 61.16361269049106, 66.96916666666667, 83.51669409331234, 88.1247222222222, 101.56916666666666, 103.65936137912728, 115.12472222222222, 124.2130561456948, 142.67361174244186, 146.0986111111111, 156.96455336298527, 171.8986111111111, 172.76318457830163, 191.61268811892273, 192.1986111111111, 206.23738243751455], "rel_distance": [0.0015045996621903639, 0.04175222906517247, 0.04445614190856106, 0.07464576861313314, 0.08808909239657786, 0.14686362390873436, 0.15506059779678968, 0.2471971537110205, 0.279287673927115, 0.30579722093620587, 0.38135718610078, 0.40239854387711743, 0.4637890904939783, 0.4733334191171408, 0.5256869970002347, 0.5671865018480601, 0.6514818108597731, 0.6671211765675835, 0.7167376658993869, 0.784930142885229, 0.7888779919734221, 0.874949330257196, 0.8776247946777949, 0.9417291798845153], "acc_x": [4.1280864197530835, 7.954226609529627, 9.613177226813582, 8.500285488921856, 6.60315764482432, 6.362722008615037, 6.520079724112282, 6.442919230285131, 5.14749899596112, 5.234977462800051, 6.136808662029004, 6.7833146848791035, 5.683777647842071, 4.164662497995832, 3.581352025512309, 4.759803203963484, 6.303013080506696, 5.910961466517029, 5.069210624766179, 2.972260733698621, 2.634443646296128, 2.307096096726367, 2.113597644713987, 1.4226081477543384], "acc_y": [-8.338487558295004, -11.744741563249999, -14.199476173574807, -15.149599900118218, -18.10289898003173, -19.70891888110035, -20.834190778160934, -20.360385654005405, -17.859459511138155, -17.353785479054434, -15.226503516705012, -13.659808171831756, -13.704999947226417, -11.817123391089483, -10.087850811592318, -7.979808727668161, -6.375519824812823, -5.417658519769932, -3.912373648232927, -2.6319678958042934, -1.7439286303527426, -0.7486131284146679, 0.3168093953619077, 0.19355671693336388], "acc_z": [-0.5268735956274218, -0.2751275609312044, -0.06056959781264967, 0.12418408223776095, 0.5853815674954151, 0.6391732763840691, 0.620698649753227, 0.719380907689372, 1.1756803587237752, 1.622986857334753, 1.1141875833765775, 0.604927792792556, 0.2746131534133354, -0.06506817059220918, 0.06660987744921759, 0.4137141548949756, 0.5886264016817012, 0.07165837441976503, -0.5824132100252108, -0.3362289034972697, -0.04152707603180268, 0.10403388329700723, -0.01748227795510234, -0.20295203488518304], "x": [199.44545742647628, 280.0, 285.18318073598994, 346.0, 380.8433462191239, 566.0, 588.6549017034625, 770.8197966804829, 812.0, 838.9309413764477, 915.0, 950.7398737925655, 1075.70962293179, 1092.0, 1159.9268413123546, 1208.0, 1329.0, 1352.8694028295574, 1426.0, 1512.6021703597496, 1519.0, 1688.0, 1692.170000956376, 1757.1197675471299], "y": [399.32465723126256, 372.0, 370.21316309878466, 348.0, 333.4599706781704, 246.0, 234.0774129919258, 118.19096754786673, 89.0, 69.93544116635219, 9.0, -23.263282017631525, -140.36336443647093, -156.0, -223.33465406613334, -274.0, -408.0, -435.8545688117789, -523.0, -624.5171310762457, -632.0, -830.0, -834.8850280979752, -910.8844487292283], "z": [817.6018315893209, 813.0, 812.6944292456982, 809.0, 806.800734102221, 795.0, 793.6199697343958, 783.8458254198049, 782.0, 780.9133862203477, 778.0, 776.3939770889008, 770.6735920205022, 770.0, 767.7075463315239, 766.0, 760.0, 758.7518007507081, 755.0, 751.2626309139217, 751.0, 744.0, 743.8186562239628, 740.7143749032101], "dataKey": "2024-Japanese Grand Prix-Race-TSU-3"}}