{"tel": {"time": [0.0, 0.226, 0.236, 0.347, 0.396, 0.607, 0.636, 0.956, 1.066, 1.156, 1.407, 1.476, 1.676, 1.707, 1.876, 2.007, 2.267, 2.315, 2.467, 2.675, 2.687, 2.947, 2.955, 3.069], "rpm": [11320.351879365853, 11087.311652299573, 11077.0, 11112.3811888, 11128.0, 11447.1375968, 11491.0, 11839.0, 11717.45014144, 11618.0, 11068.1529848, 10917.0, 10999.0, 11014.499904, 11099.0, 11180.464767911699, 11342.150328630667, 11372.0, 11496.555555555555, 11667.0, 11626.670568228572, 10752.885714285714, 10726.0, 10704.783309511111], "speed": [203.38318152781665, 209.71962274714153, 210.0, 213.468744, 215.0, 219.39583466666667, 220.0, 227.0, 229.19999744, 231.0, 236.4906264, 238.0, 242.0, 242.30999808, 244.0, 246.98405743266292, 252.9066054443468, 254.0, 255.6888888888889, 258.0, 258.12857417142857, 260.9142857142857, 261.0, 263.21666915555556], "gear": [4, 4, 5, 5, 5, 5, 5, 5, 5, 5, 5, 6, 6, 6, 6, 6, 6, 6, 6, 6, 6, 6, 6, 6], "throttle": [100.0, 100.0, 100.0, 100.0, 100.0, 100.0, 100.0, 100.0, 100.0, 100.0, 100.0, 100.0, 100.0, 100.0, 100.0, 100.0, 100.0, 100.0, 100.0, 100.0, 100.0, 100.0, 100.0, 100.0], "brake": [0, 0, 0, 0, 0, 0, 0, 0, 0, 0, 0, 0, 0, 0, 0, 0, 0, 0, 0, 0, 0, 0, 0, 0], "drs": [0, 0, 0, 0, 0, 0, 0, 0, 0, 0, 0, 0, 0, 0, 0, 0, 0, 0, 0, 0, 0, 0, 0, 0], "distance": [0.15566450549013866, 13.387013509399072, 13.979166666666668, 20.59065298493087, 23.534722222222225, 36.406262992090724, 38.201388888888886, 58.37916666666666, 65.40694602382439, 71.21249999999999, 87.76002742664568, 92.36805555555556, 105.8125, 107.9026947124606, 119.36805555555556, 128.45638947902813, 146.9169450757752, 150.34194444444444, 161.2078866963186, 176.14194444444442, 177.00651791163497, 195.85602145225607, 196.44194444444443, 204.83686412887846], "rel_distance": [0.0006972905825449799, 0.059966390020091145, 0.06261890748826325, 0.09223469646876785, 0.10542249253736917, 0.16307985079905413, 0.17112101842669453, 0.2615062631350391, 0.2929868138650864, 0.3189924732881988, 0.3931162114048218, 0.41375761972249847, 0.47398126845438004, 0.4833441805973567, 0.5347026332914838, 0.5754133247616268, 0.658106367248278, 0.6734484633637396, 0.7221218534782853, 0.7890181429963256, 0.7928909522452421, 0.8773262656337257, 0.8799508754204146, 0.9175554559813185], "acc_x": [5.1921034199576725, 8.061036120339105, 8.358503664044086, 7.873238493353907, 6.933318138651483, 6.057247708144558, 5.927510700701811, 5.850350206874661, 5.812545042725333, 5.856957738677092, 5.901489474874244, 5.64943917567126, 4.549902138634227, 4.096129461900932, 4.477707398089139, 5.660951315638766, 5.506434591611069, 4.426070615125717, 3.343704341742602, 3.0476736465180583, 3.010929606576677, 3.731533019840263, 4.539883071925248, 3.547820527504487], "acc_y": [-8.31114224604406, -11.793026408336754, -14.24776101866156, -15.197884745204972, -18.156344612707873, -19.762364513776493, -21.121525426380973, -20.5310413105203, -17.98225431155145, -17.468184117637506, -15.265271997950382, -13.698462020130675, -13.766932251642032, -11.873894907915709, -10.144921718868945, -7.994875779458585, -6.3906239109876415, -5.4406232558156224, -3.946146166893914, -2.665492931921349, -1.7775682994162505, -0.7589743413614796, 0.306448182415096, 0.18349489443695338], "acc_z": [-0.5547723562216009, -0.2974367230440254, -0.08287875992547081, 0.10187492012493982, 0.5638783319730853, 0.6176700408617393, 0.5789433433344491, 0.7208828858585126, 1.1788747805589594, 1.6239016358432214, 1.1095127634036879, 0.6002910145371009, 0.2665719929319007, -0.07391525766413523, 0.057312269749496186, 0.4076176504319199, 0.5822284678537334, 0.12447875293132225, -0.5495723361035072, -0.30527488703635386, -0.010611101288321389, 0.13835424026646803, 0.0168380790143584, -0.16818115728792687], "x": [156.60603385955915, 280.0, 285.18318073598994, 346.0, 380.8433462191239, 566.0, 588.6549017034625, 770.8197966804829, 812.0, 838.9309413764477, 915.0, 950.7398737925655, 1075.70962293179, 1092.0, 1159.9268413123546, 1208.0, 1329.0, 1352.8694028295574, 1426.0, 1512.6021703597496, 1519.0, 1688.0, 1692.170000956376, 1738.9903922290555], "y": [413.5518500970306, 372.0, 370.21316309878466, 348.0, 333.4599706781704, 246.0, 234.0774129919258, 118.19096754786673, 89.0, 69.93544116635219, 9.0, -23.263282017631525, -140.36336443647093, -156.0, -223.33465406613334, -274.0, -408.0, -435.8545688117789, -523.0, -624.5171310762457, -632.0, -830.0, -834.8850280979752, -889.7014282334486], "z": [819.9475324281235, 813.0, 812.6944292456982, 809.0, 806.800734102221, 795.0, 793.6199697343958, 783.8458254198049, 782.0, 780.9133862203477, 778.0, 776.3939770889008, 770.6735920205022, 770.0, 767.7075463315239, 766.0, 760.0, 758.7518007507081, 755.0, 751.2626309139217, 751.0, 744.0, 743.8186562239628, 741.6791164988472], "dataKey": "2024-Japanese Grand Prix-Race-TSU-3"}}